user_input,retrieved_contexts,response,llm_context_precision_without_reference,answer_relevancy,faithfulness,prompt_version
How should a mid-sized enterprise handle spear-phishing attempts that may lead to credential theft?,"[""After they already have access to accounts or systems within the environment, adversaries may use internal spearphishing to gain access to additional information or compromise other users within the same organization. Internal spearphishing is multi-staged campaign where a legitimate account is initially compromised either by controlling the user's device or by compromising the account credentials of the user. Adversaries may then attempt to take advantage of the trusted internal account to increase the likelihood of tricking more victims into falling for phish attempts, often incorporating [Impersonation](https://attack.mitre.org/techniques/T1656).(Citation: Trend Micro - Int SP) For example, adversaries may leverage [Spearphishing Attachment](https://attack.mitre.org/techniques/T1566/001) or [Spearphishing Link](https://attack.mitre.org/techniques/T1566/002) as part of internal spearphishing to deliver a payload or redirect to an external site to capture credentials through [Input Capture](https://attack.mitre.org/techniques/T1056) on sites that mimic login interfaces."", 'Detection of Credential Dumping from LSASS Memory via Access and Dump Sequence / Analytic 1030: A non-privileged or abnormal process attempts to open a handle with full access (0x1F0FFF) to lsass.exe and subsequently invokes memory dump, file creation, or registry modification indicative of credential scraping. This behavior chain reflects staged credential theft activity.', ""Internal spearphishing is multi-staged campaign where a legitimate account is initially compromised either by controlling the user's device or by compromising the account credentials of the user. Adversaries may then attempt to take advantage of the trusted internal account to increase the likelihood of tricking more victims into falling for phish attempts, often incorporating [Impersonation](https://attack.mitre.org/techniques/T1656).(Citation: Trend Micro - Int SP) For example, adversaries may leverage [Spearphishing Attachment](https://attack.mitre.org/techniques/T1566/001) or [Spearphishing Link](https://attack.mitre.org/techniques/T1566/002) as part of internal spearphishing to deliver a payload or redirect to an external site to capture credentials through [Input Capture](https://attack.mitre.org/techniques/T1056) on sites that mimic login interfaces. Adversaries may also leverage internal chat apps, such as Microsoft Teams, to spread malicious content or engage users in attempts to capture sensitive information and/or credentials.(Citation: Int SP - chat apps)""]","Here are three guidelines for handling spear-phishing attempts that may lead to credential theft:

1. Monitor for suspicious login attempts and LSASS memory access: Monitor system logs and LSASS memory for abnormal access attempts, such as those detected by Analytic 1030, to identify potential credential theft activity. Why: [Source 2] Detection of Credential Dumping from LSASS Memory via Access and Dump Sequence / Analytic 1030. How: Implement monitoring tools that can detect LSASS memory access and alert on suspicious activity.
2. Implement multi-factor authentication: Implement multi-factor authentication (MFA) to add an additional layer of security to prevent adversaries from using stolen credentials. Why: [Source 1] Adversaries may leverage internal spearphishing to deliver a payload or redirect to an external site to capture credentials. How: Implement MFA solutions that require users to provide a second form of verification, such as a code sent to their phone or a biometric scan.
3. Educate users about internal spearphishing: Educate users about the risks of internal spearphishing and the importance of verifying the authenticity of internal communications. Why: [Source 3] Adversaries may leverage internal chat apps, such as Microsoft Teams, to spread malicious content or engage users in attempts to capture sensitive information and/or credentials. How: Conduct regular training sessions and provide resources to help users identify and report suspicious internal communications.

Limitations: These guidelines are based on the provided sources and may not cover all aspects of spear-phishing attempts that may lead to credential theft.",0.9999999999666667,0.8975180955317265,0.16666666666666666,A_full
What should a SOC analyst do first when a Microsoft Word document spawns PowerShell and attempts to download a suspicious payload?,"['The handler application (Word/PDF reader/archiver) creates a file in user-controlled paths (Downloads, Temp, Desktop) and then spawns a new or unusual child process (e.g., powershell.exe, wscript.exe, cmd.exe, regsvr32.exe, rundll32.exe, msiexec.exe). Optional precursors include FileStreamCreated (URL/UNC) and Office → system32 batch writes. User Execution – Malicious File via download/open → spawn chain (T1204.002) / Analytic 0820: User opens a downloaded document/installer leading to EndpointSecurity file create in ~/Downloads or ~/Library paths then an exec of a suspicious utility (osascript, bash/zsh, curl, chmod, open with -a Terminal).', 'User Execution – Malicious File via download/open → spawn chain (T1204.002) / Analytic 0819: User opens a file delivered by email, web, chat, or share. The handler application (Word/PDF reader/archiver) creates a file in user-controlled paths (Downloads, Temp, Desktop) and then spawns a new or unusual child process (e.g., powershell.exe, wscript.exe, cmd.exe, regsvr32.exe, rundll32.exe, msiexec.exe). Optional precursors include FileStreamCreated (URL/UNC) and Office → system32 batch writes.', 'Detect Adversary Deobfuscation or Decoding of Files and Payloads / Analytic 0767: An adversary leverages built-in tools such as certutil.exe, powershell.exe, or copy.exe to decode, reassemble, or extract hidden malicious content from obfuscated containers or encoded formats. The decoding utility often spawns shortly after file staging or download and may be chained with script interpreters or further payload execution. Detect Adversary Deobfuscation or Decoding of Files and Payloads / Analytic 0768: The adversary uses native utilities like base64, gzip, tar, or openssl to decode, decompress, or decrypt files that were previously staged or downloaded.']","Based on the provided sources, here are three concise guidelines for a SOC analyst:

1. **Block the suspicious download**: Block the download of the suspicious payload to prevent further malicious activity. Why: The sources indicate that the handler application (Word/PDF reader/archiver) creates a file in user-controlled paths and then spawns a new or unusual child process (e.g., powershell.exe) [Source 1, Source 2]. Blocking the download can prevent the payload from being executed. How: Implement a network-based intrusion detection system (NIDS) or intrusion prevention system (IPS) to block the download [Source 1, Source 2].
2. **Monitor for PowerShell execution**: Monitor for PowerShell execution and investigate any unusual or suspicious commands. Why: The sources indicate that the decoding utility often spawns shortly after file staging or download and may be chained with script interpreters or further payload execution [Source 3]. Monitoring PowerShell execution can help detect and analyze potential malicious activity. How: Implement a PowerShell logging and monitoring solution to detect and analyze PowerShell execution [Source 3].
3. **Analyze the Microsoft Word document**: Analyze the Microsoft Word document for any signs of malicious code or obfuscation. Why: The sources indicate that the adversary may use built-in tools like certutil.exe, powershell.exe, or copy.exe to decode, reassemble, or extract hidden malicious content from obfuscated containers or encoded formats [Source 3]. Analyzing the document can help identify potential malicious code or obfuscation. How: Use a document analysis tool to inspect the document for any signs of malicious code or obfuscation [Source 3].

Limitations: These guidelines are based on the provided sources and may not cover all possible scenarios or edge cases.",0.9999999999666667,0.0,0.3,A_full
How should a security team respond when repeated failed logins are followed by a successful VPN login from an unusual location?,"['How would the handling of this incident differ if the physical security team determined that the person had used social engineering techniques to gain physical access to the building? 5. How would the handling of this incident differ if logs from the previous week showed an unusually large number of failed remote login attempts using the payroll administrator’s user ID?', 'How would the handling of this incident differ if logs from the previous week showed an unusually large number of failed remote login attempts using the payroll administrator’s user ID? 6. How would the handling of this incident differ if the incident response team discovered that a keystroke logger was installed on the computer two weeks earlier?', 'Password Guessing via Multi-Source Authentication Failure Correlation / Analytic 1521: Series of authentication failures (Event ID 4625) targeting the same or similar user accounts over time from one or more remote IPs Password Guessing via Multi-Source Authentication Failure Correlation / Analytic 1522: Repeated failed SSH login attempts followed by a possible success from the same remote host Password Guessing via Multi-Source Authentication Failure Correlation / Analytic 1523: Series of failed logins from loginwindow or sshd with repeated usernames or password prompts Password Guessing via Multi-Source Authentication Failure Correlation / Analytic 1524: Multiple failed sign-in attempts from external sources across many users followed by success from the same IP Password Guessing via Multi-Source Authentication Failure Correlation / Analytic 1525: Login attempt failures over SNMP, Telnet, or SSH interface, often reflected in logs or syslog events Password Guessing via Multi-Source Authentication Failure Correlation / Analytic 1526: Password guessing attempts against web-based apps (e.g., Dropbox, Google Workspace) reflected in API or sign-in logs']","Based on the provided sources, here are three concise guidelines for the security team's response:

1. **Investigate the incident immediately**: Why: Repeated failed logins followed by a successful VPN login from an unusual location may indicate a potential security breach. How: Review logs and network traffic to identify the source of the failed logins and the successful VPN login. [Source 1, 2]
2. **Contain the incident**: Why: Containment is crucial to prevent further unauthorized access and minimize potential damage. How: Isolate the affected system or network segment, and restrict access to authorized personnel only. [Source 1]
3. **Analyze the incident**: Why: Analyzing the incident can help identify the root cause and prevent future occurrences. How: Use analytics tools to identify patterns and anomalies in the failed logins and successful VPN login, and investigate the user's activity before and after the incident. [Source 3, 1521-1526]

Limitations: This response is based on the provided sources and may not cover all possible scenarios or circumstances.",0.3333333333,0.0,0.0,A_full
How can an organisation reduce the risk of ransomware gaining access through remote services such as VPN or RDP?,"['This mitigation can be implemented through the following measures: Audit and Restrict Access: - Regularly audit permissions for file shares, network services, and remote access tools. - Remove unnecessary access and enforce least privilege principles for users and services. - Use Active Directory and IAM tools to restrict access based on roles and attributes. Deploy Secure Remote Access Solutions: - Use RDP gateways, VPN concentrators, and ZTNA solutions to aggregate and secure remote access connections. - Configure access controls to restrict connections based on time, device, and user identity. - Enforce MFA for all remote access mechanisms. Disable Unnecessary Services: - Identify running services using tools like netstat (Windows/Linux) or Nmap. - Disable unused services, such as Telnet, FTP, and legacy SMB, to reduce the attack surface. - Use firewall rules to block traffic on unused ports and protocols.', 'This mitigation can be implemented through the following measures: Audit and Restrict Access: - Regularly audit permissions for file shares, network services, and remote access tools. - Remove unnecessary access and enforce least privilege principles for users and services. - Use Active Directory and IAM tools to restrict access based on roles and attributes. Deploy Secure Remote Access Solutions: - Use RDP gateways, VPN concentrators, and ZTNA solutions to aggregate and secure remote access connections. - Configure access controls to restrict connections based on time, device, and user identity. - Enforce MFA for all remote access mechanisms. Disable Unnecessary Services: - Identify running services using tools like netstat (Windows/Linux) or Nmap. - Disable unused services, such as Telnet, FTP, and legacy SMB, to reduce the attack surface. - Use firewall rules to block traffic on unused ports and protocols.', 'This can include employing technologies like network concentrators, RDP gateways, and zero-trust network access (ZTNA) models, alongside hardening services and protocols. This mitigation can be implemented through the following measures: Audit and Restrict Access: - Regularly audit permissions for file shares, network services, and remote access tools. - Remove unnecessary access and enforce least privilege principles for users and services. - Use Active Directory and IAM tools to restrict access based on roles and attributes. Deploy Secure Remote Access Solutions: - Use RDP gateways, VPN concentrators, and ZTNA solutions to aggregate and secure remote access connections. - Configure access controls to restrict connections based on time, device, and user identity. - Enforce MFA for all remote access mechanisms.']","Here are three concise guidelines to reduce the risk of ransomware gaining access through remote services such as VPN or RDP:

1. **Implement least privilege principles for remote access**: Restrict access to remote services to only the necessary users and groups, and ensure that they have the minimum required permissions to perform their tasks. Why: This reduces the attack surface by limiting the potential entry points for ransomware. How: Use Active Directory and IAM tools to restrict access based on roles and attributes. [Source 1, Source 2, Source 3]
2. **Deploy secure remote access solutions**: Use RDP gateways, VPN concentrators, and ZTNA solutions to aggregate and secure remote access connections. Why: These solutions can help detect and block unauthorized access attempts, and enforce multi-factor authentication (MFA) for all remote access mechanisms. How: Configure access controls to restrict connections based on time, device, and user identity. [Source 1, Source 2, Source 3]
3. **Disable unnecessary services and block unused ports and protocols**: Identify and disable unused services, such as Telnet, FTP, and legacy SMB, to reduce the attack surface. Why: This reduces the likelihood of ransomware exploiting vulnerabilities in these services. How: Use firewall rules to block traffic on unused ports and protocols, and disable services using tools like netstat (Windows/Linux) or Nmap. [Source 1, Source 2]

Limitations: These guidelines are based on the provided sources and may not cover all aspects of ransomware mitigation.",0.9999999999666667,0.8643915458239125,0.5294117647058824,A_full
What should a security team prepare before a ransomware incident occurs to improve response and recovery?,"['The ransomware Response Checklist from CISA can help you prepare. ISO/IEC 27001:2013 A.16.1.1 Responsibilities and procedures A.16.1.5 Response to information security incidents A.17.1 Information security continuity NIST Cybersecurity Framework (CSF) PR.IP-9: Response plans (Incident Response and Business Continuity) and recovery plans (Incident Recovery and Disaster Recovery) are in place and managed PR.IP-10: Response and recovery plans are tested RS.RP-1: Response plan is executed during or after an incident Communications (RS.CO): Response activities are coordinated with internal and external stakeholders (e.g. external support from law enforcement agencies). Ensure your internet-facing infrastructure is secure.', 'Document the communication flows, including response and notification procedures during an incident. The ransomware Response Checklist from CISA can help you prepare. ISO/IEC 27001:2013 A.16.1.1 Responsibilities and procedures A.16.1.5 Response to information security incidents A.17.1 Information security continuity NIST Cybersecurity Framework (CSF) PR.IP-9: Response plans (Incident Response and Business Continuity) and recovery plans (Incident Recovery and Disaster Recovery) are in place and managed PR.IP-10: Response and recovery plans are tested RS.RP-1: Response plan is executed during or after an incident Communications (RS.CO): Response activities are coordinated with internal and external stakeholders (e.g. external support from law enforcement agencies).', 'IP-4: Backups of information are conducted, maintained, and tested Create, maintain, and exercise an incident response plan that is regularly tested. Document the communication flows, including response and notification procedures during an incident. The ransomware Response Checklist from CISA can help you prepare.']","Based on the provided sources, here are three concise guidelines for a security team to prepare before a ransomware incident occurs:

1. **Develop an incident response plan**: Develop a comprehensive incident response plan that outlines procedures for responding to a ransomware attack, including communication flows and notification procedures. Why: The plan will help ensure a swift and effective response to an incident, minimizing the impact on business operations. How: Use the ransomware Response Checklist from CISA as a starting point, and tailor the plan to your organization's specific needs. [Source 1, Source 2, Source 3]
2. **Conduct regular backups and testing**: Regularly back up critical data and test the backup process to ensure its effectiveness. Why: This will enable the organization to quickly recover from a ransomware attack and minimize data loss. How: Implement a backup strategy that includes regular testing of backups to ensure their integrity. [Source 3]
3. **Establish communication flows and procedures**: Document communication flows and procedures for responding to a ransomware incident, including notification procedures for internal and external stakeholders. Why: Clear communication is essential for a swift and effective response to an incident. How: Use the ransomware Response Checklist from CISA to guide the development of communication flows and procedures. [Source 1, Source 2]

Limitations: These guidelines are based on the provided sources and may not cover all aspects of ransomware incident response and recovery.",0.9999999999666667,0.9234442361370552,0.26666666666666666,A_full
How should a vulnerability manager prioritise a vulnerability that is known to be actively exploited?,"[""Additionally, it's noteworthy that within this specific time frame, 100 out of the 24,690 published vulnerabilities are cross-referenced in the 'CISA Known Exploited Vulnerabilities catalogue'302 (KEV). It's important to highlight that for a vulnerability to be included in the 'CISA Known Exploited Vulnerabilities Catalog,' it must satisfy specific criteria. To qualify for inclusion in the catalog, a vulnerability must meet three key criteria: it should have a Common Vulnerabilities and Exposures (CVE) ID, there must be credible evidence of active exploitation, and a clear remediation action, such as a vendor-provided update, should be available."", ""It's important to highlight that for a vulnerability to be included in the 'CISA Known Exploited Vulnerabilities Catalog,' it must satisfy specific criteria. To qualify for inclusion in the catalog, a vulnerability must meet three key criteria: it should have a Common Vulnerabilities and Exposures (CVE) ID, there must be credible evidence of active exploitation, and a clear remediation action, such as a vendor-provided update, should be available. 3.2 ANALYSIS OF THE CVE NUMBERING AUTHORITIES (CNA303) In the section below, an examination of the allocation of CVEs by CVE numbering authorities (CNAs) has been carried out."", 'These vulnerabilities were categorized based on their severity, with 19.57% falling into the ""critical"" category and 37.51% categorized as ""high"" according to NVD baseSeverity assessments. Among these vulnerabilities, it\'s noteworthy that approximately 100 of them were subsequently included in the CISA Known Exploited Vulnerabilities (KEV) list. This selection indicates that these particular vulnerabilities were actively targeted and exploited by malicious actors, making them of significant concern to the security community304.']","Here are three concise guidelines for prioritizing a vulnerability that is known to be actively exploited:

1. **Prioritize vulnerabilities with a CVE ID and clear remediation action available**: Ensure that the vulnerability has a valid CVE ID and a clear remediation action, such as a vendor-provided update, is available. This information is crucial for inclusion in the CISA Known Exploited Vulnerabilities Catalog [Source 1, Source 2].
2. **Assess the severity of the vulnerability**: Evaluate the vulnerability's severity based on the NVD baseSeverity assessments, with 19.57% falling into the ""critical"" category and 37.51% categorized as ""high"" [Source 3]. This assessment will help prioritize the most critical vulnerabilities.
3. **Verify the vulnerability's inclusion in the CISA Known Exploited Vulnerabilities Catalog**: Check if the vulnerability is included in the CISA Known Exploited Vulnerabilities Catalog, which indicates that it has been actively targeted and exploited by malicious actors [Source 1, Source 3].

Limitations: These guidelines are based on the provided sources and may not cover all aspects of prioritizing vulnerabilities.",0.9999999999666667,0.9401163644000065,0.46153846153846156,A_full
"What should defenders monitor when an intrusion involves credential dumping tools, remote desktop activity, and remote administration software?","['Multi-event Detection Strategy for RDP-Based Remote Logins and Post-Access Activity / Analytic 0931: Remote Desktop (RDP) logon by a user followed by unusual process execution, file access, or lateral movement activity within a short timeframe.', 'Defenders should monitor for service stop commands, suspicious process termination, and execution of binaries or scripts aligned with known patching or service management tools outside of expected admin contexts. Detection Strategy for Exclusive Control / Analytic 0046: Detects adversary attempts to monopolize control of compromised systems by issuing service stop commands, unloading vulnerable modules, or forcefully killing competing processes. Defenders should monitor audit logs and syslog for administrative utilities (systemctl, service, kill) being invoked outside of normal change management.', ""Remote desktop is a common feature in operating systems. It allows a user to log into an interactive session with a system desktop graphical user interface on a remote system. Microsoft refers to its implementation of the Remote Desktop Protocol (RDP) as Remote Desktop Services (RDS).(Citation: TechNet Remote Desktop Services) Adversaries may perform RDP session hijacking which involves stealing a legitimate user's remote session.""]","Based on the provided sources, here are three concise guidelines for defenders to monitor when an intrusion involves credential dumping tools, remote desktop activity, and remote administration software:

1. Monitor for unusual RDP logon activity followed by suspicious process execution or file access within a short timeframe.
Why: This is a common tactic used by adversaries to gain initial access to a system, as seen in [Source 1]. Monitoring for this behavior can help detect potential RDP hijacking attempts.
How: Implement a detection strategy that flags RDP logon events followed by unusual process execution or file access within a short timeframe, such as 30 minutes. [Source 1]
2. Monitor for service stop commands, suspicious process termination, and execution of binaries or scripts aligned with known patching or service management tools outside of expected admin contexts.
Why: This is a common technique used by adversaries to gain exclusive control of a compromised system, as seen in [Source 2]. Monitoring for these activities can help detect attempts to monopolize control of the system.
How: Implement a detection strategy that monitors audit logs and syslog for administrative utilities (systemctl, service, kill) being invoked outside of normal change management. [Source 2]
3. Monitor for RDP session hijacking attempts, including the use of credential dumping tools to steal legitimate user credentials.
Why: RDP session hijacking is a common technique used by adversaries to gain unauthorized access to a system, as seen in [Source 3]. Monitoring for this behavior can help detect potential RDP hijacking attempts.
How: Implement a detection strategy that monitors for RDP logon events followed by unusual activity, such as credential dumping tools being used to steal legitimate user credentials. [Source 3]

Limitations: These guidelines are based on the provided sources and may not cover all possible scenarios or techniques used by adversaries.",0.9999999999666667,0.0,0.38461538461538464,A_full
How should a security team detect lateral movement that uses remote services and command-line activity?,"['A common goal for post-compromise exploitation of remote services is for lateral movement to enable access to a remote system. An adversary may need to determine if the remote system is in a vulnerable state, which may be done through [Network Service Discovery](https://attack.mitre.org/techniques/T1046) or other Discovery methods looking for common, vulnerable software that may be deployed in the network, the lack of certain patches that may indicate vulnerabilities, or security software that may be used to detect or contain remote exploitation. Servers are likely a high value target for lateral movement exploitation, but endpoint systems may also be at risk if they provide an advantage or access to additional resources.', 'Exploitation of Remote Services – multi-platform lateral movement detection / Analytic 0327: Correlates inbound network access to remote service ports (e.g., SMB/RPC 445/135, RDP 3389, WinRM 5985/5986) with near-time instability in the target service (crash, abnormal restart), suspicious child process creation under the service, and post-access lateral-movement behaviors. The chain indicates likely exploitation rather than normal administration. Exploitation of Remote Services – multi-platform lateral movement detection / Analytic 0328: Links inbound network access to SSHD/SMB/NFS/Databases or custom daemons with subsequent daemon crash/restart, core dump, or spawning of shells/reverse shells from the service context, indicating remote exploitation.', 'End Update Table 17. Lateral Movement Technique Title ID Use Update Nov. 13, 2025 Remote Services T1021 Akira threat actors can abuse remote services (such as SSH and Virtual Network Computing [VNC]), to remotely access compromised systems, move laterally, and maintain persistence across networked hosts.']","Based on the provided sources, here are three concise guidelines for detecting lateral movement that uses remote services and command-line activity:

1. Monitor for unusual network access to remote service ports.
Why: Adversaries often exploit remote services to gain access to a remote system, and monitoring for unusual network access to these ports can indicate potential lateral movement. [Source 1]
How: Implement network traffic analysis tools to monitor for inbound network access to remote service ports, such as SMB/RPC, RDP, and WinRM. [Source 2]
[Source 1, Source 2]

2. Analyze near-time instability in target services.
Why: Adversaries may cause instability in target services to mask their activities, and analyzing near-time instability can indicate potential exploitation. [Source 2]
How: Implement monitoring tools to detect near-time instability in target services, such as crashes, abnormal restarts, or suspicious child process creation. [Source 2]
[Source 2]

3. Correlate command-line activity with remote service access.
Why: Adversaries often use remote services to execute command-line activity, and correlating this activity with remote service access can indicate potential lateral movement. [Source 3]
How: Implement log analysis tools to correlate command-line activity with remote service access, such as SSH and VNC. [Source 3]
[Source 3]

Limitations: These guidelines are based on the provided sources and may not cover all possible scenarios or techniques used by adversaries.",0.9999999999666667,0.0,0.6428571428571429,A_full
How should an organisation structure its incident response process for a suspected ransomware attack?,"['The incident response plan should include the following elements: \uf03c Mission \uf03c Strategies and goals \uf03c Senior management approval \uf03c Organizational approach to incident response \uf03c How the incident response team will communicate with the rest of the organization and with other organizations \uf03c Metrics for measuring the incident response capability and its effectiveness \uf03c Roadmap for maturing the incident response capability \uf03c How the program fits into the overall organization. The organization’s mission, strategies, and goals for incident response should help in determining the structure of its incident response capability. The incident response program structure should also be discussed within the plan.', 'Question: How should my business prepare its response capability for potential cyber incidents?\nAuthoritative source: Review your backup policy and ensure a systematic approach is implemented. The ability to recover your system from archived data should be tested. Full packet capture is regularly requested as part of Incident Response... Make sure your staff are familiar with your organisationÃ¢â\x82¬â\x84¢s incident management plan...', 'The plan should lay out the necessary resources and management support. The incident response plan should include the following elements: \uf03c Mission \uf03c Strategies and goals \uf03c Senior management approval \uf03c Organizational approach to incident response \uf03c How the incident response team will communicate with the rest of the organization and with other organizations \uf03c Metrics for measuring the incident response capability and its effectiveness \uf03c Roadmap for maturing the incident response capability \uf03c How the program fits into the overall organization. The organization’s mission, strategies, and goals for incident response should help in determining the structure of its incident response capability.']","Here are three concise guidelines for structuring an incident response process for a suspected ransomware attack:

1. **Develop a comprehensive incident response plan**: Define the organization's mission, strategies, and goals for incident response, and obtain senior management approval. This will help determine the structure of the incident response capability and ensure necessary resources and management support.
Why: A well-defined incident response plan is essential for a swift and effective response to a suspected ransomware attack. [Source 1]
How: Review and update the plan regularly to ensure it remains relevant and effective. [Source 1]
[Source 1]

2. **Establish a systematic approach to incident response**: Implement a backup policy and ensure a systematic approach is implemented for data recovery. Regularly test the ability to recover systems from archived data to ensure business continuity.
Why: A systematic approach to incident response helps ensure a structured and effective response to a suspected ransomware attack, minimizing downtime and data loss. [Source 2]
How: Conduct regular backup and recovery tests to ensure the effectiveness of the backup policy. [Source 2]
[Source 2]

3. **Communicate incident response plans and procedures to staff**: Ensure that all staff are familiar with the organization's incident management plan and their roles and responsibilities in responding to a suspected ransomware attack.
Why: Effective communication is critical in responding to a suspected ransomware attack, ensuring that all staff know their roles and responsibilities and can respond quickly and effectively. [Source 2]
How: Provide regular training and awareness programs to ensure staff are familiar with the incident response plan and procedures. [Source 2]
[Source 2]

Limitations: These guidelines are based on the provided sources and may not cover all aspects of incident response planning for a suspected ransomware attack.",0.9999999999666667,0.9594998740440227,0.19047619047619047,A_full
"How should an organisation adjust its defensive priorities when attackers may be financially motivated, disruptive, or espionage-driven?","['For this purpose, five distinct kinds of motivation that can be linked to threat actors have been defined: • Financial gain: any financially related action (carried out by mostly cybercrime groups); • Espionage: gaining information on IP (Intellectual Property), sensitive data, classified data (mostly executed by state-sponsored groups); • Disruption: any disruptive action done in the name of geopolitics (mostly carried out by state-sponsored groups); • Destruction: any destructive action that could have irreversible consequences; • Ideological: any action backed up with an ideology behind it (such as hacktivism). It is apparent that in the majority of cases the primary threats can be attributed to one or more motivations, with certain motivations emerging as more dominant than others. Within the realm of Ransomware attacks, while the primary motivation typically revolves around financial gain, there is a small percentage where a disruptive motive also plays a role.', 'For example, an attacker can launch multiple DDoS attacks targeting a whole range of IP addresses or a specific organisation’s different active services. This type of attack, also known as a carpet-bombing attack, increased by 69% in 2022683 as per Netscout. 8.5 RANSOM DENIAL OF SERVICE (RDOS) Threat actors continued leveraging Ransom Denial of Service (RDoS) to conduct extortion-based DoS attacks that are financially motivated.', 'It also provides an idea of the intents of attackers and helps entities focus their efforts in defence on the most likely attack scenario for any particular asset. For all the above reasons, ETL 2023 has for the second year included an assessment of the motivation behind the incidents observed during the reporting period. For this purpose, five distinct kinds of motivation that can be linked to threat actors have been defined: • Financial gain: any financially related action (carried out by mostly cybercrime groups); • Espionage: gaining information on IP (Intellectual Property), sensitive data, classified data (mostly executed by state-sponsored groups); • Disruption: any disruptive action done in the name of geopolitics (mostly carried out by state-sponsored groups); • Destruction: any destructive action that could have irreversible consequences; • Ideological: any action backed up with an ideology behind it (such as hacktivism).']","Based on the provided sources, here are three concise guidelines for adjusting defensive priorities:

1. **Prioritize financial gain-focused attacks**: Focus on detecting and preventing financially motivated attacks, as they are the most common motivation behind ransomware attacks. Implement measures to detect and block suspicious transactions, monitor for signs of data exfiltration, and regularly update software and systems to prevent exploitation of known vulnerabilities. [Source 1]
2. **Consider disruptive and espionage-driven attacks**: Be aware that a small percentage of ransomware attacks may have a disruptive or espionage-driven motivation. Implement measures to detect and prevent DDoS attacks, such as monitoring network traffic and implementing rate limiting and filtering. Also, consider implementing measures to detect and prevent data exfiltration, such as monitoring for unusual network activity and implementing data encryption. [Source 2]
3. **Assess the likelihood of attack scenarios**: Use the ENISA Threat Landscape 2023 to assess the likelihood of different attack scenarios, including financially motivated, disruptive, and espionage-driven attacks. Focus on the most likely scenarios and prioritize defensive measures accordingly. This will help entities focus their efforts in defense on the most likely attack scenario for any particular asset. [Source 3]

Limitations: These guidelines are based on the provided sources and may not cover all possible scenarios or motivations behind ransomware attacks.",0.9999999999666667,0.7610597130463529,0.10526315789473684,A_full
How should a mid-sized enterprise handle spear-phishing attempts that may lead to credential theft?,"[""After they already have access to accounts or systems within the environment, adversaries may use internal spearphishing to gain access to additional information or compromise other users within the same organization. Internal spearphishing is multi-staged campaign where a legitimate account is initially compromised either by controlling the user's device or by compromising the account credentials of the user. Adversaries may then attempt to take advantage of the trusted internal account to increase the likelihood of tricking more victims into falling for phish attempts, often incorporating [Impersonation](https://attack.mitre.org/techniques/T1656).(Citation: Trend Micro - Int SP) For example, adversaries may leverage [Spearphishing Attachment](https://attack.mitre.org/techniques/T1566/001) or [Spearphishing Link](https://attack.mitre.org/techniques/T1566/002) as part of internal spearphishing to deliver a payload or redirect to an external site to capture credentials through [Input Capture](https://attack.mitre.org/techniques/T1056) on sites that mimic login interfaces."", 'Detection of Credential Dumping from LSASS Memory via Access and Dump Sequence / Analytic 1030: A non-privileged or abnormal process attempts to open a handle with full access (0x1F0FFF) to lsass.exe and subsequently invokes memory dump, file creation, or registry modification indicative of credential scraping. This behavior chain reflects staged credential theft activity.', ""Internal spearphishing is multi-staged campaign where a legitimate account is initially compromised either by controlling the user's device or by compromising the account credentials of the user. Adversaries may then attempt to take advantage of the trusted internal account to increase the likelihood of tricking more victims into falling for phish attempts, often incorporating [Impersonation](https://attack.mitre.org/techniques/T1656).(Citation: Trend Micro - Int SP) For example, adversaries may leverage [Spearphishing Attachment](https://attack.mitre.org/techniques/T1566/001) or [Spearphishing Link](https://attack.mitre.org/techniques/T1566/002) as part of internal spearphishing to deliver a payload or redirect to an external site to capture credentials through [Input Capture](https://attack.mitre.org/techniques/T1056) on sites that mimic login interfaces. Adversaries may also leverage internal chat apps, such as Microsoft Teams, to spread malicious content or engage users in attempts to capture sensitive information and/or credentials.(Citation: Int SP - chat apps)""]","As a security expert, I'd recommend the following steps for a mid-sized enterprise to handle spear-phishing attempts that may lead to credential theft:

1. **Implement a robust email security solution**: Invest in an email security solution that includes advanced threat detection, sandboxing, and AI-powered filtering to detect and block spear-phishing emails. This will help prevent initial compromise of user accounts.
2. **Monitor for suspicious activity**: Implement a security information and event management (SIEM) system to monitor for suspicious activity, such as unusual login attempts, account access, and data exfiltration. This will help detect potential internal spear-phishing attempts.
3. **Implement multi-factor authentication (MFA)**: Require MFA for all users, especially for sensitive accounts and systems. This will add an additional layer of security to prevent adversaries from using stolen credentials.
4. **Monitor for credential dumping**: Implement a solution that detects credential dumping from LSASS memory, such as the one mentioned in the reference (Detection of Credential Dumping from LSASS Memory via Access and Dump Sequence / Analytic 1030). This will help detect potential credential theft attempts.
5. **Implement a user education program**: Educate users about the risks of internal spear-phishing and the importance of being cautious when interacting with emails, attachments, and links. This will help prevent users from falling victim to phishing attempts.
6. **Conduct regular security awareness training**: Conduct regular security awareness training for users to educate them on the latest phishing tactics and techniques.
7. **Implement a incident response plan**: Develop an incident response plan to quickly respond to detected spear-phishing attempts and contain the damage.
8. **Monitor internal chat apps**: Monitor internal chat apps, such as Microsoft Teams, for suspicious activity and potential phishing attempts.
9. **Implement a least privilege access policy**: Implement a least privilege access policy to limit the privileges of users and reduce the attack surface.
10. **Regularly update and patch systems**: Regularly update and patch systems to ensure that all vulnerabilities are addressed and that the organization is protected against known exploits",0.9999999999666667,0.9870843092645006,0.0,B_simple
What should a SOC analyst do first when a Microsoft Word document spawns PowerShell and attempts to download a suspicious payload?,"['The handler application (Word/PDF reader/archiver) creates a file in user-controlled paths (Downloads, Temp, Desktop) and then spawns a new or unusual child process (e.g., powershell.exe, wscript.exe, cmd.exe, regsvr32.exe, rundll32.exe, msiexec.exe). Optional precursors include FileStreamCreated (URL/UNC) and Office → system32 batch writes. User Execution – Malicious File via download/open → spawn chain (T1204.002) / Analytic 0820: User opens a downloaded document/installer leading to EndpointSecurity file create in ~/Downloads or ~/Library paths then an exec of a suspicious utility (osascript, bash/zsh, curl, chmod, open with -a Terminal).', 'User Execution – Malicious File via download/open → spawn chain (T1204.002) / Analytic 0819: User opens a file delivered by email, web, chat, or share. The handler application (Word/PDF reader/archiver) creates a file in user-controlled paths (Downloads, Temp, Desktop) and then spawns a new or unusual child process (e.g., powershell.exe, wscript.exe, cmd.exe, regsvr32.exe, rundll32.exe, msiexec.exe). Optional precursors include FileStreamCreated (URL/UNC) and Office → system32 batch writes.', 'Detect Adversary Deobfuscation or Decoding of Files and Payloads / Analytic 0767: An adversary leverages built-in tools such as certutil.exe, powershell.exe, or copy.exe to decode, reassemble, or extract hidden malicious content from obfuscated containers or encoded formats. The decoding utility often spawns shortly after file staging or download and may be chained with script interpreters or further payload execution. Detect Adversary Deobfuscation or Decoding of Files and Payloads / Analytic 0768: The adversary uses native utilities like base64, gzip, tar, or openssl to decode, decompress, or decrypt files that were previously staged or downloaded.']","A classic scenario!

As a SOC analyst, my immediate response would be to:

1. **Contain the incident**: Immediately block the process and terminate the suspicious PowerShell process to prevent further damage.
2. **Isolate the system**: Isolate the affected system from the network to prevent lateral movement and contain the incident.
3. **Collect and preserve evidence**: Collect the following:
	* The malicious Word document and any associated files.
	* The PowerShell process and its command-line arguments.
	* Any system logs, including Windows Event Logs, PowerShell logs, and system logs.
	* Network traffic captures (if possible).
4. **Analyze the situation**: Analyze the collected data to understand the scope of the incident, including:
	* The source of the malicious document (e.g., email, web, chat, or share).
	* The purpose of the PowerShell script (e.g., what is it trying to do?).
	* Any potential command-and-control (C2) communication or data exfiltration.
5. **Reverse-engineer the PowerShell script**: Reverse-engineer the PowerShell script to understand its behavior, identify any potential C2 communication, and determine the payload's purpose.
6. **Search for additional indicators of compromise (IOCs)**: Search for additional IOCs, such as:
	* Other suspicious files or processes.
	* Network traffic patterns.
	* Registry keys or values modified by the attacker.
7. **Contain and remediate**: Contain the incident by:
	* Removing the malicious files and processes.
	* Disabling any suspicious services or startup items.
	* Implementing additional security controls to prevent similar incidents in the future.
8. **Notify stakeholders**: Notify relevant stakeholders, including:
	* Incident response team members.
	* System administrators.
	* Network security teams.
	* Management.

Remember to follow your organization's incident response plan and established procedures to ensure a thorough and effective response.",0.9999999999666667,0.8609987085396998,0.02631578947368421,B_simple
How should a security team respond when repeated failed logins are followed by a successful VPN login from an unusual location?,"['How would the handling of this incident differ if the physical security team determined that the person had used social engineering techniques to gain physical access to the building? 5. How would the handling of this incident differ if logs from the previous week showed an unusually large number of failed remote login attempts using the payroll administrator’s user ID?', 'How would the handling of this incident differ if logs from the previous week showed an unusually large number of failed remote login attempts using the payroll administrator’s user ID? 6. How would the handling of this incident differ if the incident response team discovered that a keystroke logger was installed on the computer two weeks earlier?', 'Password Guessing via Multi-Source Authentication Failure Correlation / Analytic 1521: Series of authentication failures (Event ID 4625) targeting the same or similar user accounts over time from one or more remote IPs Password Guessing via Multi-Source Authentication Failure Correlation / Analytic 1522: Repeated failed SSH login attempts followed by a possible success from the same remote host Password Guessing via Multi-Source Authentication Failure Correlation / Analytic 1523: Series of failed logins from loginwindow or sshd with repeated usernames or password prompts Password Guessing via Multi-Source Authentication Failure Correlation / Analytic 1524: Multiple failed sign-in attempts from external sources across many users followed by success from the same IP Password Guessing via Multi-Source Authentication Failure Correlation / Analytic 1525: Login attempt failures over SNMP, Telnet, or SSH interface, often reflected in logs or syslog events Password Guessing via Multi-Source Authentication Failure Correlation / Analytic 1526: Password guessing attempts against web-based apps (e.g., Dropbox, Google Workspace) reflected in API or sign-in logs']","A great question!

When a security team detects repeated failed logins followed by a successful VPN login from an unusual location, here's the recommended response:

1. **Immediate Response**:
	* Alert the incident response team and notify the relevant stakeholders (e.g., IT, management).
	* Review the VPN login logs to gather more information about the successful login, such as the user's IP address, timestamp, and device information.
	* Check the user's account activity history to see if there are any unusual login patterns or suspicious activity.
2. **Investigation**:
	* Analyze the failed login attempts to identify the user accounts targeted and the IP addresses involved.
	* Check the network logs for any signs of lateral movement or other suspicious activity.
	* Review the user's account access controls, such as password policies, multi-factor authentication (MFA) settings, and account lockout policies.
3. **Containment**:
	* Immediately lock out the user account to prevent further access.
	* Change the user's password and consider enabling MFA for the account.
	* Review the user's access to sensitive data and systems to ensure no unauthorized access has occurred.
4. **Eradication**:
	* Perform a thorough investigation to determine the root cause of the incident, including whether the user's account was compromised or if there was a vulnerability exploited.
	* Check for any signs of malware or other malicious activity on the user's device or network.
5. **Recovery**:
	* Restore the user's account access, but with enhanced security measures in place, such as MFA and regular password changes.
	* Conduct a thorough review of the incident to identify any weaknesses in the security controls and implement remediation measures to prevent similar incidents in the future.

If the physical security team determines that the person had used social engineering techniques to gain physical access to the building, the handling of the incident would differ in the following ways:

* The physical security team would investigate the incident and gather evidence to determine the extent of the unauthorized access.
* The security team",0.9999999999666667,0.9696231307270496,0.5666666666666667,B_simple
How can an organisation reduce the risk of ransomware gaining access through remote services such as VPN or RDP?,"['This mitigation can be implemented through the following measures: Audit and Restrict Access: - Regularly audit permissions for file shares, network services, and remote access tools. - Remove unnecessary access and enforce least privilege principles for users and services. - Use Active Directory and IAM tools to restrict access based on roles and attributes. Deploy Secure Remote Access Solutions: - Use RDP gateways, VPN concentrators, and ZTNA solutions to aggregate and secure remote access connections. - Configure access controls to restrict connections based on time, device, and user identity. - Enforce MFA for all remote access mechanisms. Disable Unnecessary Services: - Identify running services using tools like netstat (Windows/Linux) or Nmap. - Disable unused services, such as Telnet, FTP, and legacy SMB, to reduce the attack surface. - Use firewall rules to block traffic on unused ports and protocols.', 'This mitigation can be implemented through the following measures: Audit and Restrict Access: - Regularly audit permissions for file shares, network services, and remote access tools. - Remove unnecessary access and enforce least privilege principles for users and services. - Use Active Directory and IAM tools to restrict access based on roles and attributes. Deploy Secure Remote Access Solutions: - Use RDP gateways, VPN concentrators, and ZTNA solutions to aggregate and secure remote access connections. - Configure access controls to restrict connections based on time, device, and user identity. - Enforce MFA for all remote access mechanisms. Disable Unnecessary Services: - Identify running services using tools like netstat (Windows/Linux) or Nmap. - Disable unused services, such as Telnet, FTP, and legacy SMB, to reduce the attack surface. - Use firewall rules to block traffic on unused ports and protocols.', 'This can include employing technologies like network concentrators, RDP gateways, and zero-trust network access (ZTNA) models, alongside hardening services and protocols. This mitigation can be implemented through the following measures: Audit and Restrict Access: - Regularly audit permissions for file shares, network services, and remote access tools. - Remove unnecessary access and enforce least privilege principles for users and services. - Use Active Directory and IAM tools to restrict access based on roles and attributes. Deploy Secure Remote Access Solutions: - Use RDP gateways, VPN concentrators, and ZTNA solutions to aggregate and secure remote access connections. - Configure access controls to restrict connections based on time, device, and user identity. - Enforce MFA for all remote access mechanisms.']","As a security expert, I can provide you with a comprehensive answer on how an organization can reduce the risk of ransomware gaining access through remote services such as VPN or RDP.

To reduce the risk of ransomware gaining access through remote services, an organization can implement the following measures:

1. **Audit and Restrict Access**:
	* Regularly audit permissions for file shares, network services, and remote access tools to identify and remove unnecessary access.
	* Enforce least privilege principles for users and services to limit the attack surface.
	* Use Active Directory and IAM tools to restrict access based on roles and attributes to ensure that only authorized users and services have access to sensitive resources.
2. **Deploy Secure Remote Access Solutions**:
	* Use RDP gateways, VPN concentrators, and ZTNA solutions to aggregate and secure remote access connections.
	* Configure access controls to restrict connections based on time, device, and user identity to ensure that only authorized users and devices can access the network.
	* Enforce MFA for all remote access mechanisms to add an additional layer of security.
3. **Disable Unnecessary Services**:
	* Identify running services using tools like netstat (Windows/Linux) or Nmap and disable unused services, such as Telnet, FTP, and legacy SMB, to reduce the attack surface.
	* Use firewall rules to block traffic on unused ports and protocols to prevent unauthorized access.

Additionally, organizations can implement the following best practices to further reduce the risk of ransomware attacks:

* Regularly update and patch operating systems, applications, and firmware to ensure that all vulnerabilities are addressed.
* Implement a robust backup and disaster recovery plan to ensure that data can be restored in the event of a ransomware attack.
* Conduct regular security awareness training for employees to educate them on the risks of ransomware and how to prevent attacks.
* Implement a incident response plan to quickly respond to and contain ransomware attacks.

By implementing these measures, organizations can significantly reduce the risk of ransomware gaining access through remote services and minimize the impact of a potential attack.",0.9999999999666667,0.9190117195658357,0.6666666666666666,B_simple
What should a security team prepare before a ransomware incident occurs to improve response and recovery?,"['The ransomware Response Checklist from CISA can help you prepare. ISO/IEC 27001:2013 A.16.1.1 Responsibilities and procedures A.16.1.5 Response to information security incidents A.17.1 Information security continuity NIST Cybersecurity Framework (CSF) PR.IP-9: Response plans (Incident Response and Business Continuity) and recovery plans (Incident Recovery and Disaster Recovery) are in place and managed PR.IP-10: Response and recovery plans are tested RS.RP-1: Response plan is executed during or after an incident Communications (RS.CO): Response activities are coordinated with internal and external stakeholders (e.g. external support from law enforcement agencies). Ensure your internet-facing infrastructure is secure.', 'Document the communication flows, including response and notification procedures during an incident. The ransomware Response Checklist from CISA can help you prepare. ISO/IEC 27001:2013 A.16.1.1 Responsibilities and procedures A.16.1.5 Response to information security incidents A.17.1 Information security continuity NIST Cybersecurity Framework (CSF) PR.IP-9: Response plans (Incident Response and Business Continuity) and recovery plans (Incident Recovery and Disaster Recovery) are in place and managed PR.IP-10: Response and recovery plans are tested RS.RP-1: Response plan is executed during or after an incident Communications (RS.CO): Response activities are coordinated with internal and external stakeholders (e.g. external support from law enforcement agencies).', 'IP-4: Backups of information are conducted, maintained, and tested Create, maintain, and exercise an incident response plan that is regularly tested. Document the communication flows, including response and notification procedures during an incident. The ransomware Response Checklist from CISA can help you prepare.']","As a security expert, I'd like to emphasize the importance of being proactive in preparing for a ransomware incident. Here are the essential steps your security team should take to improve response and recovery:

1. **Develop an Incident Response Plan**: Create a comprehensive incident response plan that outlines the steps to be taken in the event of a ransomware attack. This plan should include:
	* Definition of roles and responsibilities
	* Incident classification and escalation procedures
	* Communication protocols for internal and external stakeholders
	* Procedures for containment, eradication, and recovery
	* Plan for data backup and restoration
2. **Conduct Regular Backups**: Ensure that critical data is backed up regularly and stored in a secure location. This will enable you to restore data in the event of a ransomware attack.
3. **Test the Incident Response Plan**: Regularly test the incident response plan to ensure that it is effective and that all stakeholders are aware of their roles and responsibilities.
4. **Train Employees**: Train employees on the incident response plan and the importance of reporting suspicious activity. This will help to ensure that employees know how to respond in the event of a ransomware attack.
5. **Monitor for Suspicious Activity**: Implement monitoring tools to detect suspicious activity and alert the security team to potential ransomware attacks.
6. **Keep Software Up-to-Date**: Ensure that all software is up-to-date and patched to prevent exploitation of known vulnerabilities.
7. **Implement Network Segmentation**: Implement network segmentation to limit the spread of ransomware in the event of an attack.
8. **Conduct Regular Security Audits**: Conduct regular security audits to identify vulnerabilities and weaknesses in the system.
9. **Develop a Recovery Plan**: Develop a recovery plan that outlines the steps to be taken to restore systems and data in the event of a ransomware attack.
10. **Communicate with Stakeholders**: Establish communication protocols for internal and external stakeholders, including law enforcement agencies, to ensure that all parties are informed and coordinated during an incident.
11. **Maintain an Inventory of Assets**: Maintain an",0.9999999999666667,0.93996851162042,0.2608695652173913,B_simple
How should a vulnerability manager prioritise a vulnerability that is known to be actively exploited?,"[""Additionally, it's noteworthy that within this specific time frame, 100 out of the 24,690 published vulnerabilities are cross-referenced in the 'CISA Known Exploited Vulnerabilities catalogue'302 (KEV). It's important to highlight that for a vulnerability to be included in the 'CISA Known Exploited Vulnerabilities Catalog,' it must satisfy specific criteria. To qualify for inclusion in the catalog, a vulnerability must meet three key criteria: it should have a Common Vulnerabilities and Exposures (CVE) ID, there must be credible evidence of active exploitation, and a clear remediation action, such as a vendor-provided update, should be available."", ""It's important to highlight that for a vulnerability to be included in the 'CISA Known Exploited Vulnerabilities Catalog,' it must satisfy specific criteria. To qualify for inclusion in the catalog, a vulnerability must meet three key criteria: it should have a Common Vulnerabilities and Exposures (CVE) ID, there must be credible evidence of active exploitation, and a clear remediation action, such as a vendor-provided update, should be available. 3.2 ANALYSIS OF THE CVE NUMBERING AUTHORITIES (CNA303) In the section below, an examination of the allocation of CVEs by CVE numbering authorities (CNAs) has been carried out."", 'These vulnerabilities were categorized based on their severity, with 19.57% falling into the ""critical"" category and 37.51% categorized as ""high"" according to NVD baseSeverity assessments. Among these vulnerabilities, it\'s noteworthy that approximately 100 of them were subsequently included in the CISA Known Exploited Vulnerabilities (KEV) list. This selection indicates that these particular vulnerabilities were actively targeted and exploited by malicious actors, making them of significant concern to the security community304.']","As a security expert, I would prioritize a vulnerability that is known to be actively exploited as follows:

1. **Immediate attention**: Since the vulnerability is actively exploited, it's essential to prioritize its remediation as soon as possible. This is because the longer the vulnerability remains unpatched, the more time attackers have to exploit it, potentially leading to further compromises.
2. **Urgent patching**: The availability of a clear remediation action, such as a vendor-provided update, is a critical factor in prioritizing this vulnerability. I would ensure that the patch is applied as soon as possible to minimize the risk of exploitation.
3. **Risk assessment**: Conduct a thorough risk assessment to determine the potential impact of the vulnerability on the organization's assets and data. This includes identifying the likelihood of exploitation, the potential damage it could cause, and the potential consequences of a breach.
4. **Vulnerability scoring**: Assign a high severity score to the vulnerability based on its CVSS (Common Vulnerability Scoring System) score, which takes into account the vulnerability's severity, attack vector, and potential impact.
5. **Remediation plan**: Develop a remediation plan that includes the following:
	* Patching or updating affected systems and applications.
	* Implementing mitigations, such as firewalls, intrusion detection systems, or network segmentation, to limit the attack surface.
	* Conducting regular vulnerability scanning and penetration testing to identify and address any remaining vulnerabilities.
	* Providing training and awareness to employees on the importance of patching and the risks associated with unpatched vulnerabilities.
6. **Monitoring and incident response**: Continuously monitor the vulnerability's status and be prepared to respond quickly in the event of a breach. Develop an incident response plan that includes procedures for containment, eradication, and recovery.
7. **Communication**: Communicate the vulnerability's status and remediation plan to stakeholders, including management, employees, and customers, to ensure everyone is aware of the risks and the steps being taken to mitigate them.

By following these steps, you can ensure that the",0.9999999999666667,0.950510774522986,0.2,B_simple
"What should defenders monitor when an intrusion involves credential dumping tools, remote desktop activity, and remote administration software?","['Multi-event Detection Strategy for RDP-Based Remote Logins and Post-Access Activity / Analytic 0931: Remote Desktop (RDP) logon by a user followed by unusual process execution, file access, or lateral movement activity within a short timeframe.', 'Defenders should monitor for service stop commands, suspicious process termination, and execution of binaries or scripts aligned with known patching or service management tools outside of expected admin contexts. Detection Strategy for Exclusive Control / Analytic 0046: Detects adversary attempts to monopolize control of compromised systems by issuing service stop commands, unloading vulnerable modules, or forcefully killing competing processes. Defenders should monitor audit logs and syslog for administrative utilities (systemctl, service, kill) being invoked outside of normal change management.', ""Remote desktop is a common feature in operating systems. It allows a user to log into an interactive session with a system desktop graphical user interface on a remote system. Microsoft refers to its implementation of the Remote Desktop Protocol (RDP) as Remote Desktop Services (RDS).(Citation: TechNet Remote Desktop Services) Adversaries may perform RDP session hijacking which involves stealing a legitimate user's remote session.""]","When an intrusion involves credential dumping tools, remote desktop activity, and remote administration software, defenders should monitor the following:

1. **Unusual RDP logon activity**: Monitor for RDP logon attempts from unknown or unexpected sources, including IP addresses, user accounts, or devices.
2. **Unusual process execution**: Monitor for the execution of binaries or scripts that are not part of normal administrative tasks, such as patching or service management tools. This could indicate an attacker is using these tools to maintain persistence or move laterally within the network.
3. **Service stop commands**: Monitor for service stop commands, such as systemctl, service, or kill, being invoked outside of normal change management. This could indicate an attacker is attempting to disable security tools or remove evidence of their presence.
4. **Suspicious process termination**: Monitor for processes being terminated unexpectedly, which could indicate an attacker is trying to remove evidence of their activity or prevent detection.
5. **Lateral movement activity**: Monitor for unusual file access, network connections, or system modifications that indicate an attacker is moving laterally within the network.
6. **Audit logs and syslog**: Monitor audit logs and syslog for administrative utilities being invoked outside of normal change management, which could indicate an attacker is attempting to cover their tracks.
7. **Remote desktop session hijacking**: Monitor for RDP session hijacking attempts, which involve stealing a legitimate user's remote session.
8. **Credential dumping**: Monitor for credential dumping tools being used to extract authentication information, such as passwords or Kerberos tickets.
9. **Unusual network traffic**: Monitor for unusual network traffic patterns, such as unexpected connections to known malicious IP addresses or domains.
10. **System modifications**: Monitor for system modifications, such as registry changes, file modifications, or system configuration changes, that could indicate an attacker has gained persistence on the system.

By monitoring these indicators, defenders can detect and respond to potential intrusions involving credential dumping tools, remote desktop activity, and remote administration software.",0.9999999999666667,0.9900359108781911,0.5,B_simple
How should a security team detect lateral movement that uses remote services and command-line activity?,"['A common goal for post-compromise exploitation of remote services is for lateral movement to enable access to a remote system. An adversary may need to determine if the remote system is in a vulnerable state, which may be done through [Network Service Discovery](https://attack.mitre.org/techniques/T1046) or other Discovery methods looking for common, vulnerable software that may be deployed in the network, the lack of certain patches that may indicate vulnerabilities, or security software that may be used to detect or contain remote exploitation. Servers are likely a high value target for lateral movement exploitation, but endpoint systems may also be at risk if they provide an advantage or access to additional resources.', 'Exploitation of Remote Services – multi-platform lateral movement detection / Analytic 0327: Correlates inbound network access to remote service ports (e.g., SMB/RPC 445/135, RDP 3389, WinRM 5985/5986) with near-time instability in the target service (crash, abnormal restart), suspicious child process creation under the service, and post-access lateral-movement behaviors. The chain indicates likely exploitation rather than normal administration. Exploitation of Remote Services – multi-platform lateral movement detection / Analytic 0328: Links inbound network access to SSHD/SMB/NFS/Databases or custom daemons with subsequent daemon crash/restart, core dump, or spawning of shells/reverse shells from the service context, indicating remote exploitation.', 'End Update Table 17. Lateral Movement Technique Title ID Use Update Nov. 13, 2025 Remote Services T1021 Akira threat actors can abuse remote services (such as SSH and Virtual Network Computing [VNC]), to remotely access compromised systems, move laterally, and maintain persistence across networked hosts.']","As a security expert, I'd recommend the following steps to detect lateral movement that uses remote services and command-line activity:

1. **Network Traffic Analysis**: Monitor network traffic for suspicious activity, such as:
	* Unusual connections to remote services like SMB, RDP, WinRM, SSH, VNC, or custom daemons.
	* Inbound network access to remote service ports, especially if it's not part of normal business operations.
	* Anomalies in network traffic patterns, such as unusual packet sizes, protocols, or frequencies.
2. **Endpoint Monitoring**: Monitor endpoint systems for:
	* Unusual command-line activity, such as:
		+ Unfamiliar commands or scripts executed by the system.
		+ Unusual system calls or API calls.
		+ Unexplained changes to system configuration or files.
	* Suspicious process creation, such as:
		+ Unusual processes running under the context of a service.
		+ Processes with unusual names, paths, or command-line arguments.
3. **System Log Analysis**: Analyze system logs for:
	* Unusual login attempts or authentication failures.
	* Unexplained system crashes or restarts.
	* Suspicious system events, such as:
		+ Unusual system calls or API calls.
		+ Unexplained changes to system configuration or files.
4. **Behavioral Analysis**: Monitor system behavior for:
	* Unusual system activity, such as:
		+ Unexplained changes to system configuration or files.
		+ Unusual system calls or API calls.
		+ Unfamiliar processes or threads.
	* Anomalies in system performance, such as:
		+ Unusual CPU usage or memory consumption.
		+ Unexplained disk I/O or network activity.
5. **Anomaly Detection**: Implement anomaly detection algorithms to identify unusual patterns in network traffic, system logs, and endpoint activity.
6. **SIEM Integration**: Integrate your security information and event management (SIEM) system with your security tools to collect and analyze log",0.9999999999666667,0.914437152590878,0.15384615384615385,B_simple
How should an organisation structure its incident response process for a suspected ransomware attack?,"['The incident response plan should include the following elements: \uf03c Mission \uf03c Strategies and goals \uf03c Senior management approval \uf03c Organizational approach to incident response \uf03c How the incident response team will communicate with the rest of the organization and with other organizations \uf03c Metrics for measuring the incident response capability and its effectiveness \uf03c Roadmap for maturing the incident response capability \uf03c How the program fits into the overall organization. The organization’s mission, strategies, and goals for incident response should help in determining the structure of its incident response capability. The incident response program structure should also be discussed within the plan.', 'Question: How should my business prepare its response capability for potential cyber incidents?\nAuthoritative source: Review your backup policy and ensure a systematic approach is implemented. The ability to recover your system from archived data should be tested. Full packet capture is regularly requested as part of Incident Response... Make sure your staff are familiar with your organisationÃ¢â\x82¬â\x84¢s incident management plan...', 'The plan should lay out the necessary resources and management support. The incident response plan should include the following elements: \uf03c Mission \uf03c Strategies and goals \uf03c Senior management approval \uf03c Organizational approach to incident response \uf03c How the incident response team will communicate with the rest of the organization and with other organizations \uf03c Metrics for measuring the incident response capability and its effectiveness \uf03c Roadmap for maturing the incident response capability \uf03c How the program fits into the overall organization. The organization’s mission, strategies, and goals for incident response should help in determining the structure of its incident response capability.']","As a security expert, I would recommend the following steps to structure an incident response process for a suspected ransomware attack:

1. **Mission and Goals**: Define the organization's mission and goals for incident response. This should include the objectives, scope, and expected outcomes of the incident response process.
2. **Senior Management Approval**: Obtain senior management approval and commitment to the incident response plan. This ensures that the organization's leadership is aware of the plan and its importance.
3. **Organizational Approach**: Establish an organizational approach to incident response, including the roles and responsibilities of each department and team involved in the response process.
4. **Incident Response Team**: Assemble an incident response team with the necessary skills and expertise to respond to a ransomware attack. This team should include representatives from IT, security, and other relevant departments.
5. **Communication Plan**: Develop a communication plan that outlines how the incident response team will communicate with the rest of the organization, other organizations, and stakeholders during an incident.
6. **Metrics for Measuring Effectiveness**: Establish metrics to measure the effectiveness of the incident response process, including response time, containment, and recovery.
7. **Roadmap for Maturing the Capability**: Develop a roadmap for maturing the incident response capability, including plans for training, testing, and continuous improvement.
8. **Program Integration**: Ensure that the incident response program is integrated into the overall organization, including regular reporting to senior management and the board of directors.

Additionally, I would recommend the following best practices:

* **Regular Training and Drills**: Conduct regular training and drills to ensure that the incident response team is prepared to respond to a ransomware attack.
* **Regular Testing and Validation**: Regularly test and validate the incident response plan to ensure that it is effective and functional.
* **Continuous Improvement**: Continuously review and improve the incident response plan to ensure that it remains effective and relevant.
* **Collaboration with Law Enforcement and Other Organizations**: Establish relationships with law enforcement and other organizations to ensure that the incident response team has access to the necessary resources and",0.9999999999666667,0.970764092323917,0.3684210526315789,B_simple
"How should an organisation adjust its defensive priorities when attackers may be financially motivated, disruptive, or espionage-driven?","['For this purpose, five distinct kinds of motivation that can be linked to threat actors have been defined: • Financial gain: any financially related action (carried out by mostly cybercrime groups); • Espionage: gaining information on IP (Intellectual Property), sensitive data, classified data (mostly executed by state-sponsored groups); • Disruption: any disruptive action done in the name of geopolitics (mostly carried out by state-sponsored groups); • Destruction: any destructive action that could have irreversible consequences; • Ideological: any action backed up with an ideology behind it (such as hacktivism). It is apparent that in the majority of cases the primary threats can be attributed to one or more motivations, with certain motivations emerging as more dominant than others. Within the realm of Ransomware attacks, while the primary motivation typically revolves around financial gain, there is a small percentage where a disruptive motive also plays a role.', 'For example, an attacker can launch multiple DDoS attacks targeting a whole range of IP addresses or a specific organisation’s different active services. This type of attack, also known as a carpet-bombing attack, increased by 69% in 2022683 as per Netscout. 8.5 RANSOM DENIAL OF SERVICE (RDOS) Threat actors continued leveraging Ransom Denial of Service (RDoS) to conduct extortion-based DoS attacks that are financially motivated.', 'It also provides an idea of the intents of attackers and helps entities focus their efforts in defence on the most likely attack scenario for any particular asset. For all the above reasons, ETL 2023 has for the second year included an assessment of the motivation behind the incidents observed during the reporting period. For this purpose, five distinct kinds of motivation that can be linked to threat actors have been defined: • Financial gain: any financially related action (carried out by mostly cybercrime groups); • Espionage: gaining information on IP (Intellectual Property), sensitive data, classified data (mostly executed by state-sponsored groups); • Disruption: any disruptive action done in the name of geopolitics (mostly carried out by state-sponsored groups); • Destruction: any destructive action that could have irreversible consequences; • Ideological: any action backed up with an ideology behind it (such as hacktivism).']","As a security expert, I'd recommend that an organization adjust its defensive priorities based on the likelihood of each motivation type. Here's a suggested approach:

1. **Financial gain**: For financially motivated attacks, focus on:
	* Implementing robust threat detection and incident response capabilities to quickly identify and contain attacks.
	* Implementing encryption and secure data storage to prevent data exfiltration.
	* Conducting regular vulnerability assessments and penetration testing to identify and patch weaknesses.
	* Implementing a robust backup and disaster recovery plan to minimize downtime and data loss.
2. **Espionage**: For espionage-driven attacks, focus on:
	* Implementing robust access controls, including multi-factor authentication and least privilege access.
	* Conducting regular security audits and risk assessments to identify and mitigate potential vulnerabilities.
	* Implementing data encryption and secure data storage to prevent unauthorized access.
	* Implementing a robust insider threat program to detect and respond to insider threats.
3. **Disruption**: For disruption-driven attacks, focus on:
	* Implementing robust network segmentation and isolation to prevent lateral movement.
	* Conducting regular security assessments and penetration testing to identify and patch weaknesses.
	* Implementing a robust incident response plan to quickly respond to and contain disruptions.
	* Implementing a business continuity plan to minimize downtime and ensure business continuity.
4. **Destruction**: For destruction-driven attacks, focus on:
	* Implementing robust backup and disaster recovery plans to minimize downtime and data loss.
	* Conducting regular security assessments and penetration testing to identify and patch weaknesses.
	* Implementing robust threat detection and incident response capabilities to quickly identify and contain attacks.
	* Implementing a robust business continuity plan to minimize downtime and ensure business continuity.
5. **Ideological**: For ideological attacks, focus on:
	* Implementing robust threat detection and incident response capabilities to quickly identify and contain attacks.
	* Conducting regular security assessments and penetration testing to identify and patch weaknesses.
	* Implementing a robust insider threat program to detect and respond to insider threats.
	* Implementing a",0.9999999999666667,0.8880305582150665,0.0,B_simple
